,100 CV // 80 RT,100 CV // 50 RT,100 CV // 0 RT,200 CV // 80 RT,200 CV // 50 RT,200 CV // 0 RT,300 CV // 80 RT,300 CV // 50 RT,300 CV // 0 RT,400 CV // 80 RT,400 CV // 50 RT,400 CV // 0 RT,500 CV // 80 RT,500 CV // 50 RT,500 CV // 0 RT,600 CV // 80 RT,600 CV // 50 RT,600 CV // 0 RT,700 CV // 80 RT,700 CV // 50 RT,700 CV // 0 RT
100 CV // 80 RT,49.44% Winrate,24.52% Winrate,6.78% Winrate,33.81% Winrate,11.76% Winrate,1.86% Winrate,20.59% Winrate,4.28% Winrate,0.28% Winrate,11.41% Winrate,1.19% Winrate,0.01% Winrate,5.41% Winrate,0.38% Winrate,0.0% Winrate,2.67% Winrate,0.04% Winrate,0.0% Winrate,1.13% Winrate,0.01% Winrate,0.0% Winrate
100 CV // 50 RT,74.97% Winrate,50.04% Winrate,20.5% Winrate,56.76% Winrate,26.71% Winrate,5.66% Winrate,37.09% Winrate,10.47% Winrate,1.02% Winrate,20.69% Winrate,3.49% Winrate,0.13% Winrate,10.81% Winrate,0.87% Winrate,0.0% Winrate,4.81% Winrate,0.16% Winrate,0.0% Winrate,1.92% Winrate,0.01% Winrate,0.0% Winrate
100 CV // 0 RT,92.63% Winrate,78.48% Winrate,50.19% Winrate,79.99% Winrate,52.56% Winrate,19.07% Winrate,58.76% Winrate,25.38% Winrate,3.99% Winrate,36.74% Winrate,8.52% Winrate,0.64% Winrate,19.72% Winrate,2.26% Winrate,0.03% Winrate,8.93% Winrate,0.54% Winrate,0.0% Winrate,3.65% Winrate,0.05% Winrate,0.0% Winrate
200 CV // 80 RT,65.93% Winrate,43.37% Winrate,19.34% Winrate,65.62% Winrate,43.43% Winrate,19.89% Winrate,56.69% Winrate,31.97% Winrate,10.98% Winrate,50.23% Winrate,25.13% Winrate,6.96% Winrate,40.7% Winrate,16.75% Winrate,3.47% Winrate,33.78% Winrate,11.73% Winrate,1.73% Winrate,25.2% Winrate,6.21% Winrate,0.54% Winrate
200 CV // 50 RT,88.87% Winrate,73.28% Winrate,46.78% Winrate,88.16% Winrate,72.7% Winrate,47.96% Winrate,81.85% Winrate,59.15% Winrate,30.77% Winrate,74.83% Winrate,50.01% Winrate,21.06% Winrate,64.47% Winrate,35.45% Winrate,10.72% Winrate,56.56% Winrate,26.26% Winrate,6.04% Winrate,44.66% Winrate,16.59% Winrate,2.22% Winrate
200 CV // 0 RT,98.21% Winrate,93.56% Winrate,80.77% Winrate,98.26% Winrate,94.09% Winrate,80.05% Winrate,95.82% Winrate,86.11% Winrate,63.9% Winrate,93.03% Winrate,79.2% Winrate,49.7% Winrate,85.95% Winrate,63.41% Winrate,29.9% Winrate,79.88% Winrate,51.66% Winrate,19.95% Winrate,67.82% Winrate,35.64% Winrate,8.82% Winrate
300 CV // 80 RT,78.92% Winrate,64.06% Winrate,41.03% Winrate,59.5% Winrate,35.56% Winrate,13.56% Winrate,59.22% Winrate,34.67% Winrate,13.55% Winrate,54.01% Winrate,27.75% Winrate,8.4% Winrate,47.49% Winrate,21.87% Winrate,5.08% Winrate,43.47% Winrate,18.55% Winrate,3.86% Winrate,37.34% Winrate,13.47% Winrate,2.07% Winrate
300 CV // 50 RT,95.61% Winrate,89.2% Winrate,74.61% Winrate,84.03% Winrate,64.46% Winrate,36.1% Winrate,84.0% Winrate,64.74% Winrate,37.22% Winrate,78.67% Winrate,55.23% Winrate,26.14% Winrate,71.6% Winrate,44.13% Winrate,16.86% Winrate,68.17% Winrate,39.08% Winrate,13.52% Winrate,60.43% Winrate,30.4% Winrate,8.46% Winrate
300 CV // 0 RT,99.7% Winrate,98.81% Winrate,95.66% Winrate,96.67% Winrate,89.65% Winrate,69.88% Winrate,96.67% Winrate,89.38% Winrate,69.6% Winrate,94.26% Winrate,82.46% Winrate,56.14% Winrate,91.04% Winrate,74.38% Winrate,42.77% Winrate,88.73% Winrate,69.43% Winrate,35.85% Winrate,83.6% Winrate,58.9% Winrate,24.67% Winrate
400 CV // 80 RT,88.3% Winrate,78.83% Winrate,63.52% Winrate,66.86% Winrate,43.23% Winrate,19.53% Winrate,57.42% Winrate,31.36% Winrate,11.02% Winrate,56.68% Winrate,31.46% Winrate,11.49% Winrate,50.76% Winrate,24.66% Winrate,7.25% Winrate,46.25% Winrate,21.55% Winrate,5.53% Winrate,43.02% Winrate,18.45% Winrate,4.22% Winrate
400 CV // 50 RT,98.89% Winrate,96.45% Winrate,91.34% Winrate,88.27% Winrate,73.73% Winrate,48.08% Winrate,81.38% Winrate,59.16% Winrate,31.32% Winrate,81.17% Winrate,60.0% Winrate,30.58% Winrate,75.22% Winrate,50.02% Winrate,20.68% Winrate,72.13% Winrate,45.56% Winrate,17.83% Winrate,67.81% Winrate,40.22% Winrate,14.1% Winrate
400 CV // 0 RT,99.99% Winrate,99.85% Winrate,99.45% Winrate,98.34% Winrate,94.27% Winrate,80.99% Winrate,96.12% Winrate,85.51% Winrate,63.81% Winrate,96.39% Winrate,86.75% Winrate,63.67% Winrate,92.85% Winrate,78.28% Winrate,50.64% Winrate,90.88% Winrate,74.37% Winrate,43.57% Winrate,89.19% Winrate,69.41% Winrate,36.65% Winrate
500 CV // 80 RT,94.23% Winrate,89.44% Winrate,81.18% Winrate,75.08% Winrate,55.62% Winrate,31.83% Winrate,62.84% Winrate,39.93% Winrate,16.74% Winrate,55.69% Winrate,32.45% Winrate,11.04% Winrate,56.04% Winrate,32.44% Winrate,11.19% Winrate,52.81% Winrate,27.75% Winrate,8.43% Winrate,49.79% Winrate,24.47% Winrate,7.45% Winrate
500 CV // 50 RT,99.6% Winrate,99.09% Winrate,98.09% Winrate,93.09% Winrate,84.26% Winrate,65.37% Winrate,86.05% Winrate,69.21% Winrate,42.17% Winrate,81.18% Winrate,59.47% Winrate,31.42% Winrate,81.32% Winrate,59.88% Winrate,31.46% Winrate,78.17% Winrate,54.1% Winrate,25.8% Winrate,75.56% Winrate,49.39% Winrate,20.54% Winrate
500 CV // 0 RT,100.0% Winrate,99.99% Winrate,99.95% Winrate,99.5% Winrate,97.5% Winrate,91.78% Winrate,97.65% Winrate,91.91% Winrate,76.18% Winrate,95.81% Winrate,85.93% Winrate,62.57% Winrate,96.01% Winrate,86.68% Winrate,63.34% Winrate,94.68% Winrate,82.77% Winrate,56.9% Winrate,92.65% Winrate,79.56% Winrate,49.98% Winrate
600 CV // 80 RT,97.81% Winrate,95.38% Winrate,91.56% Winrate,78.56% Winrate,62.31% Winrate,41.56% Winrate,65.61% Winrate,43.46% Winrate,19.84% Winrate,59.33% Winrate,36.0% Winrate,14.34% Winrate,53.61% Winrate,28.01% Winrate,8.85% Winrate,52.73% Winrate,29.2% Winrate,8.81% Winrate,50.37% Winrate,24.92% Winrate,7.27% Winrate
600 CV // 50 RT,99.88% Winrate,99.78% Winrate,99.55% Winrate,95.84% Winrate,88.92% Winrate,74.99% Winrate,88.16% Winrate,73.56% Winrate,48.06% Winrate,84.0% Winrate,64.19% Winrate,36.76% Winrate,78.03% Winrate,54.92% Winrate,26.03% Winrate,79.35% Winrate,55.58% Winrate,25.55% Winrate,75.24% Winrate,49.79% Winrate,21.47% Winrate
600 CV // 0 RT,100.0% Winrate,100.0% Winrate,100.0% Winrate,99.68% Winrate,99.16% Winrate,95.67% Winrate,98.26% Winrate,93.89% Winrate,81.07% Winrate,96.75% Winrate,89.01% Winrate,69.35% Winrate,94.57% Winrate,83.03% Winrate,57.06% Winrate,94.48% Winrate,82.66% Winrate,56.87% Winrate,92.95% Winrate,78.96% Winrate,49.98% Winrate
700 CV // 80 RT,98.94% Winrate,98.08% Winrate,96.8% Winrate,86.07% Winrate,73.54% Winrate,54.06% Winrate,72.21% Winrate,50.04% Winrate,28.49% Winrate,62.79% Winrate,39.2% Winrate,16.83% Winrate,56.82% Winrate,31.9% Winrate,11.44% Winrate,53.93% Winrate,29.24% Winrate,8.9% Winrate,52.98% Winrate,28.15% Winrate,8.69% Winrate
700 CV // 50 RT,99.96% Winrate,99.99% Winrate,99.94% Winrate,97.85% Winrate,94.16% Winrate,86.21% Winrate,92.1% Winrate,80.79% Winrate,59.41% Winrate,86.31% Winrate,68.34% Winrate,41.76% Winrate,80.42% Winrate,59.82% Winrate,30.88% Winrate,78.12% Winrate,55.0% Winrate,25.32% Winrate,77.93% Winrate,55.28% Winrate,25.61% Winrate
700 CV // 0 RT,100.0% Winrate,100.0% Winrate,100.0% Winrate,99.93% Winrate,99.7% Winrate,98.66% Winrate,99.13% Winrate,96.79% Winrate,88.52% Winrate,97.81% Winrate,91.98% Winrate,75.7% Winrate,95.67% Winrate,86.37% Winrate,62.89% Winrate,94.79% Winrate,83.01% Winrate,57.06% Winrate,94.38% Winrate,83.12% Winrate,56.42% Winrate
